<?xml version="1.0" encoding="UTF-8"?>
<GenRun Id="synth_1" LaunchPart="xc7a35tcpg236-1" LaunchTime="1674924180">
  <File Type="PA-TCL" Name="my_module.tcl"/>
  <File Type="RDS-PROPCONSTRS" Name="my_module_drc_synth.rpt"/>
  <File Type="REPORTS-TCL" Name="my_module_reports.tcl"/>
  <File Type="RDS-RDS" Name="my_module.vds"/>
  <File Type="RDS-UTIL" Name="my_module_utilization_synth.rpt"/>
  <File Type="RDS-UTIL-PB" Name="my_module_utilization_synth.pb"/>
  <File Type="RDS-DCP" Name="my_module.dcp"/>
  <File Type="VDS-TIMINGSUMMARY" Name="my_module_timing_summary_synth.rpt"/>
  <File Type="VDS-TIMING-PB" Name="my_module_timing_summary_synth.pb"/>
  <FileSet Name="sources" Type="DesignSrcs" RelSrcDir="$PSRCDIR/sources_1">
    <Filter Type="Srcs"/>
    <File Path="$PSRCDIR/sources_1/new/lab1.v">
      <FileInfo>
        <Attr Name="UsedIn" Val="synthesis"/>
        <Attr Name="UsedIn" Val="implementation"/>
        <Attr Name="UsedIn" Val="simulation"/>
      </FileInfo>
    </File>
    <Config>
      <Option Name="DesignMode" Val="RTL"/>
      <Option Name="TopModule" Val="my_module"/>
      <Option Name="TopAutoSet" Val="TRUE"/>
    </Config>
  </FileSet>
  <FileSet Name="constrs_in" Type="Constrs" RelSrcDir="$PSRCDIR/constrs_1">
    <Filter Type="Constrs"/>
    <File Path="$PSRCDIR/constrs_1/new/my_basys3.xdc">
      <FileInfo>
        <Attr Name="UsedIn" Val="synthesis"/>
        <Attr Name="UsedIn" Val="implementation"/>
      </FileInfo>
    </File>
    <Config>
      <Option Name="ConstrsType" Val="XDC"/>
    </Config>
  </FileSet>
  <Strategy Version="1" Minor="2">
    <StratHandle Name="Vivado Synthesis Defaults" Flow="Vivado Synthesis 2018"/>
    <Step Id="synth_design"/>
  </Strategy>
</GenRun>
